{
    "train_acc": 0.7905140513095112,
    "val_acc": 0.7550633856504004,
    "precision": 0.9385951959047056,
    "sensitivity": 0.7445070230065691,
    "specificity": 0.7986929159270615,
    "f1": 0.8303603991007712,
    "roc_auc": 0.8479899915267451,
    "train_loss": 0.4667855761921382,
    "val_loss": 0.49232331937643925,
    "confusion_matrix": {
        "tn": 19798,
        "fp": 4990,
        "fn": 26175,
        "tp": 76274
    },
    "epochs": null,
    "timestamp": "20250409_004927"
}