{
    "train_acc": 0.9233321540241535,
    "val_acc": 0.8059290929525217,
    "precision": 0.9485336532914926,
    "sensitivity": 0.8025163740007223,
    "specificity": 0.8200338873648539,
    "f1": 0.8694369391995854,
    "roc_auc": 0.8914155877505824,
    "train_loss": 0.24965842293920412,
    "val_loss": 0.41158297470073124,
    "confusion_matrix": {
        "tn": 20327,
        "fp": 4461,
        "fn": 20232,
        "tp": 82217
    },
    "epochs": 199,
    "timestamp": "20250408_014822"
}