{
    "train_acc": 0.9916830934571869,
    "val_acc": 0.857746042974622,
    "precision": 0.9600232993040866,
    "sensitivity": 0.859216374910827,
    "specificity": 0.8516496018202503,
    "f1": 0.9068269021935857,
    "roc_auc": 0.9281013982567256,
    "train_loss": 0.08766254015383523,
    "val_loss": 0.32923996882598117,
    "confusion_matrix": {
        "tn": 7486,
        "fp": 1304,
        "fn": 5131,
        "tp": 31315
    },
    "epochs": 425,
    "timestamp": "20250508_231003"
}