{
    "train_acc": 0.9962629467953158,
    "val_acc": 0.8356187909532868,
    "precision": 0.9551371019168011,
    "sensitivity": 0.8351673581842334,
    "specificity": 0.8374889598478158,
    "f1": 0.8911325954766175,
    "roc_auc": 0.913399056952755,
    "train_loss": 0.08433639828170114,
    "val_loss": 0.3701569812816346,
    "confusion_matrix": {
        "tn": 12327,
        "fp": 2392,
        "fn": 10051,
        "tp": 50926
    },
    "epochs": 554,
    "timestamp": "20250418_130521"
}