{
    "train_acc": 0.9997356541542967,
    "val_acc": 0.8813040585495675,
    "precision": 0.9691713961407491,
    "sensitivity": 0.8807922426243037,
    "specificity": 0.8834334763948498,
    "f1": 0.9228707306528318,
    "roc_auc": 0.9470996740605888,
    "train_loss": 0.04031793489690857,
    "val_loss": 0.28847470569635364,
    "confusion_matrix": {
        "tn": 5146,
        "fp": 679,
        "fn": 2889,
        "tp": 21346
    },
    "epochs": 343,
    "timestamp": "20250418_053731"
}