{
    "train_acc": 0.7237117640871669,
    "val_acc": 0.7023821687087876,
    "precision": 0.9152531474646673,
    "sensitivity": 0.6946968735663599,
    "specificity": 0.734145554300468,
    "f1": 0.789867376949115,
    "roc_auc": 0.7794521867784565,
    "train_loss": 0.6233898171632515,
    "val_loss": 0.6248894165022753,
    "confusion_matrix": {
        "tn": 18198,
        "fp": 6590,
        "fn": 31278,
        "tp": 71171
    },
    "epochs": 9,
    "timestamp": "20250408_025707"
}