{
    "train_acc": 0.7900718103670838,
    "val_acc": 0.7544189190251264,
    "precision": 0.9380475440496112,
    "sensitivity": 0.7441458677000263,
    "specificity": 0.7968775213813135,
    "f1": 0.8299214569918518,
    "roc_auc": 0.8477838837094184,
    "train_loss": 0.46653610598483475,
    "val_loss": 0.4924395517813215,
    "confusion_matrix": {
        "tn": 19753,
        "fp": 5035,
        "fn": 26212,
        "tp": 76237
    },
    "epochs": null,
    "timestamp": "20250409_005057"
}