iter	Logloss
0	0.6825885109
1	0.6730558281
2	0.6642328972
3	0.6563425568
4	0.6488958021
5	0.6419857126
6	0.6357718539
7	0.6298037675
8	0.6243088118
9	0.6190338933
