{
    "train_acc": 0.7907244145686119,
    "val_acc": 0.7543010287887957,
    "precision": 0.9381978898642077,
    "sensitivity": 0.7438530390730997,
    "specificity": 0.7974826528965628,
    "f1": 0.8297981227814195,
    "roc_auc": 0.8474673012482951,
    "train_loss": 0.46609898218844725,
    "val_loss": 0.4929109899243145,
    "confusion_matrix": {
        "tn": 19768,
        "fp": 5020,
        "fn": 26242,
        "tp": 76207
    },
    "epochs": null,
    "timestamp": "20250409_004840"
}