{
    "train_acc": 0.9213910748606343,
    "val_acc": 0.806432091294199,
    "precision": 0.9483132085906535,
    "sensitivity": 0.8033850989272712,
    "specificity": 0.8190253348394384,
    "f1": 0.8698537843279205,
    "roc_auc": 0.8910808619956803,
    "train_loss": 0.2532359896799239,
    "val_loss": 0.41270436352577994,
    "confusion_matrix": {
        "tn": 20302,
        "fp": 4486,
        "fn": 20143,
        "tp": 82306
    },
    "epochs": 199,
    "timestamp": "20250408_020150"
}