{
    "train_acc": 0.9972764332590687,
    "val_acc": 0.8749498966495595,
    "precision": 0.9329584342292221,
    "sensitivity": 0.9100918505793126,
    "specificity": 0.7297079231886396,
    "f1": 0.9213832904287329,
    "roc_auc": 0.9109768589889724,
    "train_loss": 0.05340211608777923,
    "val_loss": 0.30288819609141165,
    "confusion_matrix": {
        "tn": 18088,
        "fp": 6700,
        "fn": 9211,
        "tp": 93238
    },
    "epochs": 1414,
    "timestamp": "20250409_204922"
}