{
    "train_acc": 0.9950186047260836,
    "val_acc": 0.8338353413654619,
    "precision": 0.9553828494006511,
    "sensitivity": 0.8326090165144234,
    "specificity": 0.8389156872070114,
    "f1": 0.8897807532554022,
    "roc_auc": 0.9126655115605982,
    "train_loss": 0.09116801766051807,
    "val_loss": 0.3726469090974562,
    "confusion_matrix": {
        "tn": 12348,
        "fp": 2371,
        "fn": 10207,
        "tp": 50770
    },
    "epochs": 519,
    "timestamp": "20250418_040854"
}