{
    "train_acc": 0.9077381806127945,
    "val_acc": 0.8282496443644537,
    "precision": 0.9358425264979451,
    "sensitivity": 0.8445958476900702,
    "specificity": 0.7606906567694045,
    "f1": 0.8878810111385314,
    "roc_auc": 0.8857931930576736,
    "train_loss": 0.26264053169757956,
    "val_loss": 0.3751433723898274,
    "confusion_matrix": {
        "tn": 18856,
        "fp": 5932,
        "fn": 15921,
        "tp": 86528
    },
    "epochs": 199,
    "timestamp": "20250409_202354"
}