{
    "train_acc": 0.9782004051695895,
    "val_acc": 0.7772545222481405,
    "precision": 0.936843321585685,
    "sensitivity": 0.7756230226249291,
    "specificity": 0.7839943542695836,
    "f1": 0.8486441222869362,
    "roc_auc": 0.8569205591772244,
    "train_loss": 0.16776074064567117,
    "val_loss": 0.4721369261348208,
    "confusion_matrix": {
        "tn": 27773,
        "fp": 7652,
        "fn": 32836,
        "tp": 113507
    },
    "epochs": 852,
    "timestamp": "20250418_091952"
}