{
    "train_acc": 0.7906598712959333,
    "val_acc": 0.7543796222796828,
    "precision": 0.9381192079061696,
    "sensitivity": 0.7440287362492557,
    "specificity": 0.7971599160884298,
    "f1": 0.8298766480495585,
    "roc_auc": 0.8476206094227281,
    "train_loss": 0.4663448293069487,
    "val_loss": 0.4923075392770971,
    "confusion_matrix": {
        "tn": 19760,
        "fp": 5028,
        "fn": 26224,
        "tp": 76225
    },
    "epochs": null,
    "timestamp": "20250409_005012"
}