{
    "train_acc": 0.9226078350752048,
    "val_acc": 0.8064713880396426,
    "precision": 0.9488332929628476,
    "sensitivity": 0.8029458559868813,
    "specificity": 0.8210424398902695,
    "f1": 0.8698148520190752,
    "roc_auc": 0.8905826782569302,
    "train_loss": 0.25096009231656635,
    "val_loss": 0.41321160193273193,
    "confusion_matrix": {
        "tn": 20352,
        "fp": 4436,
        "fn": 20188,
        "tp": 82261
    },
    "epochs": 199,
    "timestamp": "20250408_013457"
}