{
    "train_acc": 0.9851781124352373,
    "val_acc": 0.8271975262963158,
    "precision": 0.9528873079542874,
    "sensitivity": 0.8262973961836946,
    "specificity": 0.8309227948665716,
    "f1": 0.8850888832259822,
    "roc_auc": 0.9040738824746198,
    "train_loss": 0.11985662046598095,
    "val_loss": 0.38710572322180714,
    "confusion_matrix": {
        "tn": 12237,
        "fp": 2490,
        "fn": 10587,
        "tp": 50362
    },
    "epochs": 595,
    "timestamp": "20250507_233527"
}