{
    "train_acc": 0.950492863022224,
    "val_acc": 0.7619733564984084,
    "precision": 0.9314131699436674,
    "sensitivity": 0.7602101466107368,
    "specificity": 0.7692416007209439,
    "f1": 0.8371482416313387,
    "roc_auc": 0.8419190125003302,
    "train_loss": 0.22460070341206115,
    "val_loss": 0.49123258472465325,
    "confusion_matrix": {
        "tn": 27315,
        "fp": 8194,
        "fn": 35099,
        "tp": 111275
    },
    "epochs": 856,
    "timestamp": "20250506_233755"
}