{
    "train_acc": 0.9826194638694639,
    "val_acc": 0.779583085169744,
    "precision": 0.9399964241015555,
    "sensitivity": 0.7763208410856147,
    "specificity": 0.7931969435543506,
    "f1": 0.8503542199074824,
    "roc_auc": 0.8635436746191933,
    "train_loss": 0.1607111772698484,
    "val_loss": 0.4595226909342583,
    "confusion_matrix": {
        "tn": 6436,
        "fp": 1678,
        "fn": 7574,
        "tp": 26287
    },
    "epochs": 195,
    "timestamp": "20250409_230111"
}