{
    "train_acc": 0.9216181715607997,
    "val_acc": 0.8068407774468118,
    "precision": 0.9487885843380438,
    "sensitivity": 0.8034729475153491,
    "specificity": 0.8207600451831532,
    "f1": 0.8701052286649015,
    "roc_auc": 0.8907453288002163,
    "train_loss": 0.25275375205455386,
    "val_loss": 0.41272533301213865,
    "confusion_matrix": {
        "tn": 20345,
        "fp": 4443,
        "fn": 20134,
        "tp": 82315
    },
    "epochs": 199,
    "timestamp": "20250408_012127"
}