{
    "train_acc": 0.9846857929890952,
    "val_acc": 0.778211786453061,
    "precision": 0.9369555004244727,
    "sensitivity": 0.776791510355808,
    "specificity": 0.7840790402258292,
    "f1": 0.8493891732357007,
    "roc_auc": 0.8577579496812602,
    "train_loss": 0.1495146264456994,
    "val_loss": 0.47186400271179824,
    "confusion_matrix": {
        "tn": 27776,
        "fp": 7649,
        "fn": 32665,
        "tp": 113678
    },
    "epochs": 959,
    "timestamp": "20250417_234602"
}