{
    "train_acc": 0.9315492330179913,
    "val_acc": 0.8648113363251255,
    "precision": 0.9091144683546734,
    "sensitivity": 0.9245283018867925,
    "specificity": 0.6180006454736162,
    "f1": 0.9167565998015825,
    "roc_auc": 0.893562997878266,
    "train_loss": 0.20552813025399347,
    "val_loss": 0.3106033429630271,
    "confusion_matrix": {
        "tn": 15319,
        "fp": 9469,
        "fn": 7732,
        "tp": 94717
    },
    "epochs": 209,
    "timestamp": "20250411_060400"
}