{
    "train_acc": 0.7905116608179306,
    "val_acc": 0.7549926515086021,
    "precision": 0.9379631564070737,
    "sensitivity": 0.7449853097638826,
    "specificity": 0.7963530740680975,
    "f1": 0.8304101838755304,
    "roc_auc": 0.8476818721295369,
    "train_loss": 0.4657027208575171,
    "val_loss": 0.49211464751801753,
    "confusion_matrix": {
        "tn": 19740,
        "fp": 5048,
        "fn": 26126,
        "tp": 76323
    },
    "epochs": null,
    "timestamp": "20250409_004747"
}