{
    "train_acc": 0.92172335319035,
    "val_acc": 0.8066049969741506,
    "precision": 0.9477795674183157,
    "sensitivity": 0.8041171704945875,
    "specificity": 0.8168872034855575,
    "f1": 0.8700579292281208,
    "roc_auc": 0.8900151335822184,
    "train_loss": 0.25295166425350285,
    "val_loss": 0.4135469620050473,
    "confusion_matrix": {
        "tn": 20249,
        "fp": 4539,
        "fn": 20068,
        "tp": 82381
    },
    "epochs": 199,
    "timestamp": "20250408_021551"
}