{
    "train_acc": 0.9993040540540541,
    "val_acc": 0.8669852648347272,
    "precision": 0.965089952270224,
    "sensitivity": 0.8662327676168506,
    "specificity": 0.8701047358834244,
    "f1": 0.9129931401777187,
    "roc_auc": 0.9377703803046988,
    "train_loss": 0.05287973388334193,
    "val_loss": 0.31588812757290946,
    "confusion_matrix": {
        "tn": 7643,
        "fp": 1141,
        "fn": 4871,
        "tp": 31543
    },
    "epochs": 436,
    "timestamp": "20250418_050519"
}