{
    "train_acc": 0.9952073751475436,
    "val_acc": 0.8730338199594293,
    "precision": 0.9652565912299076,
    "sensitivity": 0.8740362017070054,
    "specificity": 0.8688552767273977,
    "f1": 0.9173843424070629,
    "roc_auc": 0.9398371217861123,
    "train_loss": 0.0682417132108822,
    "val_loss": 0.29997531355336754,
    "confusion_matrix": {
        "tn": 5055,
        "fp": 763,
        "fn": 3055,
        "tp": 21198
    },
    "epochs": 346,
    "timestamp": "20250508_233459"
}