{
    "train_acc": 0.9563069291153543,
    "val_acc": 0.8426243938477015,
    "precision": 0.9342958006217398,
    "sensitivity": 0.8654062021103183,
    "specificity": 0.7484670001613684,
    "f1": 0.8985325117561213,
    "roc_auc": 0.889872212271196,
    "train_loss": 0.1859208837804735,
    "val_loss": 0.35416504784813974,
    "confusion_matrix": {
        "tn": 18553,
        "fp": 6235,
        "fn": 13789,
        "tp": 88660
    },
    "epochs": 499,
    "timestamp": "20250410_205352"
}