{
    "train_acc": 0.9210386052704621,
    "val_acc": 0.8703993335271972,
    "precision": 0.89328623848174,
    "sensitivity": 0.9528741129732843,
    "specificity": 0.5295304179441666,
    "f1": 0.9221185271947556,
    "roc_auc": 0.893636323168218,
    "train_loss": 0.2250141135578103,
    "val_loss": 0.3058854917942666,
    "confusion_matrix": {
        "tn": 13126,
        "fp": 11662,
        "fn": 4828,
        "tp": 97621
    },
    "epochs": 209,
    "timestamp": "20250411_054011"
}